ID,rating
0,3.512000320434092
1,3.954504838028403
2,3.512824296951294
3,3.893483958094859
4,2.3257024
